Date,TCS,ASIANPAINT,BRITANNIA
2017-05-25,1312.300048828125,1113.199951171875,1758.9000244140625
2017-05-26,1289.125,1132.449951171875,1707.925048828125
2017-05-29,1286.425048828125,1146.550048828125,1709.199951171875
2017-05-30,1275.550048828125,1159.449951171875,1712.7249755859375
2017-05-31,1273.300048828125,1151.199951171875,1766.324951171875
2017-06-01,1276.800048828125,1160.449951171875,1802.949951171875
2017-06-02,1282.449951171875,1164.300048828125,1795.800048828125
2017-06-05,1301.9749755859375,1161.550048828125,1821.6500244140625
2017-06-06,1348.0,1153.1500244140625,1813.675048828125
2017-06-07,1307.625,1161.5,1821.800048828125
2017-06-08,1260.800048828125,1143.300048828125,1819.6500244140625
2017-06-09,1253.5,1155.75,1836.5
2017-06-12,1243.5999755859375,1150.699951171875,1813.324951171875
2017-06-13,1225.7750244140625,1149.699951171875,1813.050048828125
2017-06-14,1235.0999755859375,1149.5999755859375,1806.7750244140625
2017-06-15,1205.5999755859375,1140.300048828125,1782.4000244140625
2017-06-16,1199.8499755859375,1145.4000244140625,1784.4749755859375
2017-06-19,1215.8499755859375,1154.1500244140625,1796.125
2017-06-20,1222.5,1149.449951171875,1791.9000244140625
2017-06-21,1203.1500244140625,1155.4000244140625,1835.1500244140625
2017-06-22,1197.425048828125,1162.550048828125,1820.875
2017-06-23,1180.8499755859375,1153.6500244140625,1824.75
2017-06-27,1171.425048828125,1134.1500244140625,1823.7750244140625
2017-06-28,1175.0250244140625,1109.1500244140625,1818.074951171875
2017-06-29,1166.625,1104.550048828125,1818.5999755859375
2017-06-30,1181.175048828125,1102.949951171875,1845.0250244140625
2017-07-03,1186.800048828125,1120.25,1851.875
2017-07-04,1183.425048828125,1108.550048828125,1874.0250244140625
2017-07-05,1178.0,1126.6500244140625,1866.7249755859375
2017-07-06,1173.7750244140625,1132.1500244140625,1865.699951171875
2017-07-07,1165.9749755859375,1115.449951171875,1846.175048828125
2017-07-10,1217.4749755859375,1127.75,1857.9749755859375
2017-07-11,1237.9000244140625,1131.75,1848.5250244140625
2017-07-12,1219.7249755859375,1133.699951171875,1851.074951171875
2017-07-13,1223.199951171875,1125.5,1863.800048828125
2017-07-14,1198.7249755859375,1117.3499755859375,1859.5999755859375
2017-07-17,1197.7249755859375,1125.449951171875,1848.8499755859375
2017-07-18,1204.175048828125,1146.5999755859375,1871.4749755859375
2017-07-19,1224.800048828125,1155.8499755859375,1903.0999755859375
2017-07-20,1222.3499755859375,1155.550048828125,1895.550048828125
2017-07-21,1245.5999755859375,1156.0999755859375,1917.0250244140625
2017-07-24,1265.3499755859375,1155.75,1914.7249755859375
2017-07-25,1285.75,1150.0999755859375,1925.25
2017-07-26,1278.0,1134.0,1925.300048828125
2017-07-27,1240.8499755859375,1148.800048828125,1937.949951171875
2017-07-28,1242.1500244140625,1153.25,1953.324951171875
2017-07-31,1245.9000244140625,1161.699951171875,1960.800048828125
2017-08-01,1250.824951171875,1148.199951171875,1953.75
2017-08-02,1236.9000244140625,1144.5,1932.050048828125
2017-08-03,1244.7249755859375,1146.0999755859375,1936.9749755859375
2017-08-04,1261.4000244140625,1157.300048828125,1958.699951171875
2017-08-07,1251.7249755859375,1149.6500244140625,2053.89990234375
2017-08-08,1251.5250244140625,1147.3499755859375,2036.175048828125
2017-08-09,1256.0,1155.550048828125,2029.449951171875
2017-08-10,1255.7249755859375,1151.0999755859375,2059.60009765625
2017-08-11,1248.0250244140625,1143.9000244140625,2050.97509765625
2017-08-14,1234.699951171875,1154.0,2080.0
2017-08-16,1246.175048828125,1141.300048828125,2149.97509765625
2017-08-17,1242.824951171875,1134.949951171875,2125.25
2017-08-18,1256.9000244140625,1140.0,2125.72509765625
2017-08-21,1264.4000244140625,1134.449951171875,2114.89990234375
2017-08-22,1248.7750244140625,1129.449951171875,2099.425048828125
2017-08-23,1244.7249755859375,1141.300048828125,2123.574951171875
2017-08-24,1248.300048828125,1135.5999755859375,2107.050048828125
2017-08-28,1243.6500244140625,1155.9000244140625,2094.14990234375
2017-08-29,1235.425048828125,1151.699951171875,2086.300048828125
2017-08-30,1242.2750244140625,1153.3499755859375,2120.675048828125
2017-08-31,1248.175048828125,1168.550048828125,2115.47509765625
2017-09-01,1228.2249755859375,1215.9000244140625,2121.97509765625
2017-09-04,1228.0999755859375,1197.050048828125,2109.824951171875
2017-09-05,1242.175048828125,1206.3499755859375,2130.300048828125
2017-09-06,1226.5999755859375,1206.050048828125,2123.925048828125
2017-09-07,1230.050048828125,1198.6500244140625,2130.550048828125
2017-09-08,1235.300048828125,1203.949951171875,2144.125
2017-09-11,1227.2249755859375,1238.050048828125,2148.64990234375
2017-09-12,1244.2249755859375,1256.3499755859375,2158.60009765625
2017-09-13,1244.5999755859375,1254.949951171875,2164.97509765625
2017-09-14,1243.4749755859375,1246.050048828125,2170.324951171875
2017-09-15,1253.0250244140625,1245.5,2178.5
2017-09-18,1249.5250244140625,1255.949951171875,2194.22509765625
2017-09-19,1249.125,1253.300048828125,2185.10009765625
2017-09-20,1246.7750244140625,1237.300048828125,2175.52490234375
2017-09-21,1262.449951171875,1229.0999755859375,2164.050048828125
2017-09-22,1251.800048828125,1213.25,2135.14990234375
2017-09-25,1255.375,1196.949951171875,2140.550048828125
2017-09-26,1237.324951171875,1174.0,2163.0
2017-09-27,1247.5,1160.0,2150.875
2017-09-28,1238.2249755859375,1130.0,2169.85009765625
2017-09-29,1217.9749755859375,1131.699951171875,2172.125
2017-10-03,1224.2249755859375,1148.800048828125,2170.02490234375
2017-10-04,1221.1500244140625,1154.050048828125,2170.925048828125
2017-10-05,1214.800048828125,1153.25,2181.824951171875
2017-10-06,1223.324951171875,1157.300048828125,2180.925048828125
2017-10-09,1227.050048828125,1158.5999755859375,2172.25
2017-10-10,1229.625,1163.0,2174.300048828125
2017-10-11,1250.175048828125,1160.5999755859375,2187.97509765625
2017-10-12,1274.0999755859375,1158.800048828125,2272.22509765625
2017-10-13,1279.300048828125,1174.25,2291.10009765625
2017-10-16,1292.199951171875,1171.050048828125,2270.050048828125
2017-10-17,1297.2750244140625,1197.1500244140625,2307.64990234375
2017-10-18,1293.300048828125,1179.6500244140625,2342.925048828125
2017-10-19,1291.949951171875,1178.5,2318.125
2017-10-23,1293.949951171875,1174.1500244140625,2327.60009765625
2017-10-24,1289.199951171875,1222.9000244140625,2312.925048828125
2017-10-25,1279.949951171875,1201.699951171875,2322.125
2017-10-26,1269.425048828125,1191.1500244140625,2302.324951171875
2017-10-27,1292.1500244140625,1184.550048828125,2298.675048828125
2017-10-30,1308.0999755859375,1182.550048828125,2372.949951171875
2017-10-31,1312.0,1180.8499755859375,2319.75
2017-11-01,1301.425048828125,1175.949951171875,2348.625
2017-11-02,1313.074951171875,1178.4000244140625,2329.324951171875
2017-11-03,1310.050048828125,1172.449951171875,2329.050048828125
2017-11-06,1332.7750244140625,1162.3499755859375,2321.52490234375
2017-11-07,1355.0250244140625,1141.449951171875,2324.5
2017-11-08,1367.5,1172.199951171875,2326.75
2017-11-09,1368.199951171875,1195.5999755859375,2378.97509765625
2017-11-10,1354.375,1178.5999755859375,2436.5
2017-11-13,1379.4749755859375,1174.949951171875,2441.14990234375
2017-11-14,1357.300048828125,1155.050048828125,2394.175048828125
2017-11-15,1352.6500244140625,1181.550048828125,2374.875
2017-11-16,1373.324951171875,1179.550048828125,2368.35009765625
2017-11-17,1353.6500244140625,1171.300048828125,2375.02490234375
2017-11-20,1351.7249755859375,1166.3499755859375,2381.60009765625
2017-11-21,1336.4749755859375,1160.300048828125,2408.449951171875
2017-11-22,1340.324951171875,1174.300048828125,2387.574951171875
2017-11-23,1340.625,1159.5999755859375,2391.175048828125
2017-11-24,1344.0250244140625,1159.5999755859375,2371.0
2017-11-27,1342.925048828125,1156.5,2398.449951171875
2017-11-28,1342.6500244140625,1171.0,2397.35009765625
2017-11-29,1329.074951171875,1153.8499755859375,2405.574951171875
2017-11-30,1318.5,1146.75,2407.800048828125
2017-12-01,1314.9749755859375,1133.75,2402.97509765625
2017-12-04,1316.175048828125,1121.0,2381.625
2017-12-05,1317.7750244140625,1115.0,2380.925048828125
2017-12-06,1316.6500244140625,1104.3499755859375,2380.22509765625
2017-12-07,1308.625,1144.4000244140625,2461.625
2017-12-08,1300.75,1135.5,2427.925048828125
2017-12-11,1330.550048828125,1125.8499755859375,2434.60009765625
2017-12-12,1306.074951171875,1117.4000244140625,2430.050048828125
2017-12-13,1314.199951171875,1116.550048828125,2407.425048828125
2017-12-14,1278.9000244140625,1123.449951171875,2347.425048828125
2017-12-15,1272.800048828125,1118.699951171875,2351.800048828125
2017-12-18,1290.25,1137.1500244140625,2349.75
2017-12-19,1287.6500244140625,1137.699951171875,2378.27490234375
2017-12-20,1294.4749755859375,1135.5,2372.699951171875
2017-12-21,1297.8499755859375,1137.9000244140625,2366.35009765625
2017-12-22,1323.375,1138.0,2373.324951171875
2017-12-26,1324.7249755859375,1150.75,2372.800048828125
2017-12-27,1309.949951171875,1149.050048828125,2367.574951171875
2017-12-28,1313.4749755859375,1144.4000244140625,2333.02490234375
2017-12-29,1350.5999755859375,1158.5,2354.625
2018-01-01,1322.800048828125,1143.6500244140625,2369.125
2018-01-02,1315.5999755859375,1142.75,2328.02490234375
2018-01-03,1319.324951171875,1141.9000244140625,2340.47509765625
2018-01-04,1328.550048828125,1172.050048828125,2313.199951171875
2018-01-05,1344.5999755859375,1185.25,2322.050048828125
2018-01-08,1357.199951171875,1182.0,2346.875
2018-01-09,1354.5,1193.050048828125,2320.97509765625
2018-01-10,1403.300048828125,1177.4000244140625,2337.375
2018-01-11,1395.25,1188.949951171875,2360.77490234375
2018-01-12,1388.175048828125,1189.699951171875,2354.14990234375
2018-01-15,1373.050048828125,1204.050048828125,2359.925048828125
2018-01-16,1425.425048828125,1188.75,2338.675048828125
2018-01-17,1444.4749755859375,1193.75,2374.89990234375
2018-01-18,1459.0999755859375,1188.25,2315.75
2018-01-19,1479.6500244140625,1189.9000244140625,2342.22509765625
2018-01-22,1558.199951171875,1176.0,2353.675048828125
2018-01-23,1551.0,1169.9000244140625,2368.22509765625
2018-01-24,1587.300048828125,1151.050048828125,2359.625
2018-01-25,1560.5250244140625,1150.449951171875,2312.800048828125
2018-01-29,1599.425048828125,1152.050048828125,2346.050048828125
2018-01-30,1576.425048828125,1126.699951171875,2352.800048828125
2018-01-31,1556.175048828125,1128.300048828125,2342.074951171875
2018-02-01,1569.300048828125,1153.0,2370.25
2018-02-02,1576.824951171875,1137.9000244140625,2363.22509765625
2018-02-05,1551.5999755859375,1134.0999755859375,2308.35009765625
2018-02-06,1498.625,1110.25,2265.22509765625
2018-02-07,1477.5250244140625,1121.0999755859375,2275.22509765625
2018-02-08,1487.0999755859375,1124.050048828125,2314.0
2018-02-09,1485.8499755859375,1130.75,2320.574951171875
2018-02-12,1483.6500244140625,1144.4000244140625,2386.25
2018-02-14,1455.9000244140625,1139.1500244140625,2382.074951171875
2018-02-15,1462.925048828125,1135.449951171875,2377.875
2018-02-16,1466.5250244140625,1143.8499755859375,2390.97509765625
2018-02-19,1461.800048828125,1120.3499755859375,2366.64990234375
2018-02-20,1472.375,1126.4000244140625,2367.050048828125
2018-02-21,1521.1500244140625,1127.199951171875,2384.875
2018-02-22,1525.0999755859375,1118.0999755859375,2427.925048828125
2018-02-23,1537.9000244140625,1101.800048828125,2480.949951171875
2018-02-26,1515.8499755859375,1104.800048828125,2482.375
2018-02-27,1521.175048828125,1110.3499755859375,2476.125
2018-02-28,1517.5250244140625,1117.75,2497.125
2018-03-01,1518.8499755859375,1118.9000244140625,2471.925048828125
2018-03-05,1552.925048828125,1105.949951171875,2451.22509765625
2018-03-06,1521.4000244140625,1101.5999755859375,2412.60009765625
2018-03-07,1513.7249755859375,1107.25,2442.35009765625
2018-03-08,1501.9749755859375,1127.5999755859375,2424.199951171875
2018-03-09,1517.050048828125,1129.0999755859375,2420.89990234375
2018-03-12,1526.074951171875,1131.5,2433.39990234375
2018-03-13,1443.4000244140625,1140.300048828125,2434.97509765625
2018-03-14,1443.449951171875,1137.0,2411.875
2018-03-15,1434.8499755859375,1160.800048828125,2434.125
2018-03-16,1412.8499755859375,1122.75,2430.300048828125
2018-03-19,1415.5,1102.550048828125,2407.77490234375
2018-03-20,1432.425048828125,1106.5,2412.52490234375
2018-03-21,1428.375,1103.550048828125,2417.22509765625
2018-03-22,1415.675048828125,1107.0999755859375,2419.10009765625
2018-03-23,1409.074951171875,1112.6500244140625,2419.824951171875
2018-03-26,1408.5,1117.550048828125,2429.0
2018-03-27,1423.8499755859375,1131.0999755859375,2482.39990234375
2018-03-28,1424.574951171875,1120.4000244140625,2485.300048828125
2018-04-02,1454.824951171875,1150.1500244140625,2553.52490234375
2018-04-03,1455.625,1152.0999755859375,2549.89990234375
2018-04-04,1455.449951171875,1136.0,2512.199951171875
2018-04-05,1478.9749755859375,1142.9000244140625,2533.925048828125
2018-04-06,1475.1500244140625,1143.5,2589.125
2018-04-09,1461.949951171875,1157.449951171875,2581.449951171875
2018-04-10,1468.800048828125,1156.75,2567.125
2018-04-11,1507.074951171875,1155.8499755859375,2567.675048828125
2018-04-12,1569.625,1165.199951171875,2581.425048828125
2018-04-13,1576.6500244140625,1162.199951171875,2604.449951171875
2018-04-16,1593.824951171875,1178.8499755859375,2656.175048828125
2018-04-17,1583.300048828125,1176.0,2671.050048828125
2018-04-18,1579.550048828125,1172.300048828125,2680.824951171875
2018-04-19,1595.574951171875,1165.0,2697.89990234375
2018-04-20,1701.2249755859375,1159.3499755859375,2661.175048828125
2018-04-23,1704.324951171875,1178.699951171875,2656.52490234375
2018-04-24,1692.824951171875,1170.0999755859375,2648.60009765625
2018-04-25,1735.125,1163.050048828125,2687.64990234375
2018-04-26,1769.625,1155.699951171875,2686.699951171875
2018-04-27,1725.9749755859375,1181.5999755859375,2730.375
2018-04-30,1766.050048828125,1201.699951171875,2756.60009765625
2018-05-02,1749.875,1222.300048828125,2712.52490234375
2018-05-03,1740.925048828125,1206.75,2668.550048828125
2018-05-04,1740.375,1190.449951171875,2692.25
2018-05-07,1710.4749755859375,1215.25,2736.35009765625
2018-05-08,1720.5999755859375,1209.9000244140625,2722.35009765625
2018-05-09,1744.6500244140625,1222.550048828125,2700.75
2018-05-10,1725.625,1217.699951171875,2693.22509765625
2018-05-11,1728.4749755859375,1286.449951171875,2738.85009765625
2018-05-14,1716.7750244140625,1297.3499755859375,2732.050048828125
2018-05-15,1741.199951171875,1314.6500244140625,2727.39990234375
2018-05-16,1746.949951171875,1323.699951171875,2771.10009765625
2018-05-17,1745.9000244140625,1309.449951171875,2738.375
2018-05-18,1751.0250244140625,1308.3499755859375,2798.52490234375
2018-05-21,1778.375,1301.699951171875,2760.800048828125
2018-05-22,1754.449951171875,1286.8499755859375,2802.199951171875
2018-05-23,1747.550048828125,1278.5999755859375,2857.85009765625
2018-05-24,1801.8499755859375,1293.5999755859375,2859.10009765625
2018-05-25,1792.9000244140625,1292.3499755859375,2913.75
2018-05-28,1751.0250244140625,1321.8499755859375,2921.47509765625
2018-05-29,1761.75,1299.5,2902.550048828125
2018-05-30,1757.050048828125,1293.8499755859375,2894.925048828125
2018-05-31,1741.050048828125,1304.6500244140625,2961.97509765625
2018-06-01,1732.449951171875,1293.050048828125,2906.22509765625
2018-06-04,1744.25,1284.449951171875,2883.10009765625
2018-06-05,1721.5999755859375,1273.5999755859375,2905.89990234375
2018-06-06,1725.75,1262.800048828125,2938.47509765625
2018-06-07,1735.550048828125,1290.800048828125,2996.64990234375
2018-06-08,1747.0999755859375,1278.8499755859375,2958.824951171875
2018-06-11,1749.699951171875,1283.300048828125,2955.22509765625
2018-06-12,1781.0,1287.699951171875,2973.300048828125
2018-06-13,1824.0999755859375,1286.4000244140625,3008.574951171875
2018-06-14,1787.550048828125,1286.0999755859375,3000.875
2018-06-15,1840.050048828125,1282.199951171875,3068.300048828125
2018-06-18,1829.0,1282.050048828125,3037.0
2018-06-19,1824.5,1269.199951171875,2988.27490234375
2018-06-20,1822.449951171875,1271.300048828125,2997.77490234375
2018-06-21,1819.3499755859375,1253.0,2981.35009765625
2018-06-22,1809.800048828125,1267.699951171875,2979.72509765625
2018-06-25,1819.25,1253.449951171875,2988.699951171875
2018-06-26,1852.0,1274.5999755859375,3025.050048828125
2018-06-27,1858.0,1267.1500244140625,3043.800048828125
2018-06-28,1842.699951171875,1268.4000244140625,3064.77490234375
2018-06-29,1847.75,1264.449951171875,3106.875
2018-07-02,1851.3499755859375,1293.050048828125,3116.47509765625
2018-07-03,1874.050048828125,1291.8499755859375,3108.27490234375
2018-07-04,1866.1500244140625,1289.800048828125,3149.875
2018-07-05,1880.300048828125,1321.4000244140625,3153.64990234375
2018-07-06,1912.949951171875,1323.1500244140625,3154.949951171875
2018-07-09,1883.0,1363.0999755859375,3191.425048828125
2018-07-10,1875.0999755859375,1370.449951171875,3194.85009765625
2018-07-11,1979.9000244140625,1359.800048828125,3178.875
2018-07-12,1971.3499755859375,1357.9000244140625,3202.824951171875
2018-07-13,1981.0999755859375,1367.800048828125,3237.550048828125
2018-07-16,1989.199951171875,1359.550048828125,3266.35009765625
2018-07-17,2002.1500244140625,1376.25,3213.449951171875
2018-07-18,2000.25,1393.0,3182.89990234375
2018-07-19,1981.4000244140625,1403.0,3186.14990234375
2018-07-20,1996.5999755859375,1396.449951171875,3179.074951171875
2018-07-23,2005.6500244140625,1433.199951171875,3217.97509765625
2018-07-24,1999.0,1467.75,3233.22509765625
2018-07-25,1981.5,1450.1500244140625,3222.0
2018-07-26,1964.699951171875,1433.8499755859375,3225.14990234375
2018-07-27,1943.75,1434.8499755859375,3192.60009765625
2018-07-30,1944.5999755859375,1430.199951171875,3165.72509765625
2018-07-31,1940.199951171875,1451.4000244140625,3271.10009765625
2018-08-01,1976.5,1437.199951171875,3244.925048828125
2018-08-02,1948.4000244140625,1418.4000244140625,3228.699951171875
2018-08-03,1979.449951171875,1411.8499755859375,3196.35009765625
2018-08-06,1975.550048828125,1397.4000244140625,3163.35009765625
2018-08-07,1967.3499755859375,1424.25,3100.199951171875
2018-08-08,1974.0,1425.75,3150.699951171875
2018-08-09,1974.3499755859375,1417.3499755859375,3167.699951171875
2018-08-10,1993.0999755859375,1418.5999755859375,3171.875
2018-08-13,2000.1500244140625,1399.25,3215.324951171875
2018-08-14,2003.550048828125,1395.0999755859375,3229.75
2018-08-16,2008.5,1394.800048828125,3247.074951171875
2018-08-17,2012.75,1400.6500244140625,3314.949951171875
2018-08-20,2009.949951171875,1409.0999755859375,3385.699951171875
2018-08-21,2017.6500244140625,1403.300048828125,3428.72509765625
2018-08-23,2035.0999755859375,1394.75,3450.074951171875
2018-08-24,2043.0,1393.5,3386.72509765625
2018-08-27,2050.89990234375,1399.800048828125,3402.47509765625
2018-08-28,2069.199951171875,1407.5,3422.824951171875
2018-08-29,2072.0,1394.0,3367.89990234375
2018-08-30,2082.39990234375,1378.699951171875,3345.0
2018-08-31,2078.39990234375,1372.449951171875,3368.375
2018-09-03,2052.89990234375,1361.5999755859375,3282.925048828125
2018-09-04,2098.89990234375,1311.300048828125,3172.02490234375
2018-09-05,2079.25,1321.300048828125,3092.5
2018-09-06,2075.300048828125,1314.5,3097.22509765625
2018-09-07,2079.85009765625,1316.0,3114.550048828125
2018-09-10,2080.75,1293.0999755859375,3047.0
2018-09-11,2046.25,1297.8499755859375,2970.02490234375
2018-09-12,2043.949951171875,1291.0,3007.75
2018-09-14,2065.39990234375,1333.9000244140625,3056.14990234375
2018-09-17,2074.14990234375,1308.6500244140625,3010.875
2018-09-18,2070.75,1292.0999755859375,3033.199951171875
2018-09-19,2077.89990234375,1291.3499755859375,2979.949951171875
2018-09-21,2103.14990234375,1304.75,2895.375
2018-09-24,2198.449951171875,1271.949951171875,2801.0
2018-09-25,2183.199951171875,1289.9000244140625,2886.925048828125
2018-09-26,2142.14990234375,1282.0,2840.949951171875
2018-09-27,2188.85009765625,1287.5,2849.89990234375
2018-09-28,2183.699951171875,1293.300048828125,2911.75
2018-10-01,2255.550048828125,1279.800048828125,2921.77490234375
2018-10-03,2162.85009765625,1251.75,2869.699951171875
2018-10-04,2064.800048828125,1224.699951171875,2812.675048828125
2018-10-05,2102.64990234375,1209.5,2723.85009765625
2018-10-08,2077.550048828125,1247.800048828125,2771.75
2018-10-09,2091.800048828125,1201.4000244140625,2755.625
2018-10-10,2043.5999755859375,1225.949951171875,2854.25
2018-10-11,1979.949951171875,1219.050048828125,2785.10009765625
2018-10-12,1918.300048828125,1261.199951171875,2878.75
2018-10-15,1949.5,1250.300048828125,2835.800048828125
2018-10-16,1962.300048828125,1267.5999755859375,2850.25
2018-10-17,1929.4000244140625,1259.0,2770.52490234375
2018-10-19,1913.199951171875,1235.4000244140625,2781.75
2018-10-22,1903.0,1200.4000244140625,2790.074951171875
2018-10-23,1843.6500244140625,1138.449951171875,2742.27490234375
2018-10-24,1848.5,1186.9000244140625,2680.074951171875
2018-10-25,1853.0,1200.050048828125,2654.64990234375
2018-10-26,1799.0999755859375,1190.300048828125,2660.25
2018-10-29,1871.0,1196.050048828125,2699.125
2018-10-30,1894.800048828125,1196.300048828125,2723.949951171875
2018-10-31,1938.1500244140625,1230.4000244140625,2822.050048828125
2018-11-01,1935.75,1217.800048828125,2791.52490234375
2018-11-02,1913.449951171875,1247.0,2800.5
2018-11-05,1890.8499755859375,1244.050048828125,2857.25
2018-11-06,1932.699951171875,1238.5,2860.625
2018-11-07,1942.1500244140625,1250.949951171875,2905.22509765625
2018-11-09,1909.199951171875,1295.5999755859375,2873.22509765625
2018-11-12,1914.8499755859375,1278.800048828125,2878.77490234375
2018-11-13,1934.949951171875,1284.9000244140625,2906.27490234375
2018-11-14,1880.6500244140625,1320.550048828125,2885.375
2018-11-15,1872.8499755859375,1318.300048828125,2909.074951171875
2018-11-16,1886.5999755859375,1321.300048828125,2973.824951171875
2018-11-19,1902.449951171875,1312.1500244140625,2994.77490234375
2018-11-20,1878.25,1306.8499755859375,2944.35009765625
2018-11-21,1812.0,1324.199951171875,3002.324951171875
2018-11-22,1812.550048828125,1314.4000244140625,3004.35009765625
2018-11-26,1846.0999755859375,1349.5,3004.02490234375
2018-11-27,1890.25,1339.5999755859375,3017.52490234375
2018-11-28,1983.9000244140625,1324.25,2980.875
2018-11-29,1960.550048828125,1350.300048828125,3032.35009765625
2018-11-30,1968.25,1345.949951171875,3169.75
2018-12-03,1982.4000244140625,1338.699951171875,3094.5
2018-12-04,2010.8499755859375,1329.449951171875,3093.10009765625
2018-12-05,2006.75,1329.5,3093.0
2018-12-06,1992.699951171875,1295.0999755859375,2986.35009765625
2018-12-07,1995.199951171875,1318.6500244140625,3005.35009765625
2018-12-10,1975.800048828125,1274.199951171875,2980.64990234375
2018-12-11,2000.0,1323.5999755859375,2997.199951171875
2018-12-12,2016.800048828125,1330.9000244140625,3056.5
2018-12-13,1982.5999755859375,1320.199951171875,3143.199951171875
2018-12-14,1989.75,1340.949951171875,3135.75
2018-12-17,1994.300048828125,1335.8499755859375,3163.199951171875
2018-12-18,1987.8499755859375,1355.699951171875,3168.699951171875
2018-12-19,1968.449951171875,1400.25,3228.85009765625
2018-12-20,1954.050048828125,1425.800048828125,3170.85009765625
2018-12-21,1895.800048828125,1388.199951171875,3119.800048828125
2018-12-24,1918.5,1357.050048828125,3100.550048828125
2018-12-26,1889.199951171875,1363.0,3088.949951171875
2018-12-27,1908.949951171875,1372.5,3075.39990234375
2018-12-28,1896.050048828125,1366.0,3098.5
2018-12-31,1893.050048828125,1373.050048828125,3115.39990234375
2019-01-01,1902.800048828125,1371.550048828125,3103.050048828125
2019-01-02,1923.300048828125,1383.300048828125,3116.85009765625
2019-01-03,1899.949951171875,1388.300048828125,3135.89990234375
2019-01-04,1876.8499755859375,1385.8499755859375,3122.699951171875
2019-01-07,1897.9000244140625,1396.0,3143.800048828125
2019-01-08,1893.550048828125,1401.25,3089.550048828125
2019-01-09,1886.949951171875,1402.0,3092.64990234375
2019-01-10,1888.550048828125,1396.3499755859375,3088.949951171875
2019-01-11,1842.550048828125,1403.6500244140625,3096.85009765625
2019-01-14,1813.25,1388.5999755859375,3113.64990234375
2019-01-15,1867.800048828125,1405.949951171875,3183.89990234375
2019-01-16,1870.1500244140625,1389.75,3175.75
2019-01-17,1894.300048828125,1389.5999755859375,3207.10009765625
2019-01-18,1900.6500244140625,1400.449951171875,3171.35009765625
2019-01-21,1908.699951171875,1422.0999755859375,3148.39990234375
2019-01-22,1901.9000244140625,1406.949951171875,3153.64990234375
2019-01-23,1875.5999755859375,1396.550048828125,3203.85009765625
2019-01-24,1901.550048828125,1401.8499755859375,3216.85009765625
2019-01-25,1920.800048828125,1372.1500244140625,3206.64990234375
2019-01-28,1955.0,1379.5,3203.449951171875
2019-01-29,1982.75,1393.300048828125,3180.050048828125
2019-01-30,1981.4000244140625,1390.4000244140625,3208.800048828125
2019-01-31,2014.0999755859375,1412.5999755859375,3197.699951171875
2019-02-01,2029.949951171875,1457.199951171875,3251.0
2019-02-04,2050.25,1446.3499755859375,3266.0
2019-02-05,2044.550048828125,1450.3499755859375,3167.050048828125
2019-02-06,2074.800048828125,1469.4000244140625,3181.39990234375
2019-02-07,2082.89990234375,1472.449951171875,3214.10009765625
2019-02-08,2061.39990234375,1448.800048828125,3110.0
2019-02-11,2065.89990234375,1437.0999755859375,3107.550048828125
2019-02-12,2051.60009765625,1452.0999755859375,3008.60009765625
2019-02-14,2044.5999755859375,1399.199951171875,2924.60009765625
2019-02-15,2029.699951171875,1393.5999755859375,2858.35009765625
2019-02-18,1970.300048828125,1380.050048828125,2911.699951171875
2019-02-19,1904.800048828125,1377.8499755859375,2873.550048828125
2019-02-20,1914.75,1396.9000244140625,2922.300048828125
2019-02-21,1914.199951171875,1397.800048828125,3001.60009765625
2019-02-22,1925.6500244140625,1397.800048828125,3012.800048828125
2019-02-25,1985.1500244140625,1398.25,3048.199951171875
2019-02-26,2038.699951171875,1402.0,3073.5
2019-02-27,2058.10009765625,1405.699951171875,3058.60009765625
2019-02-28,1983.449951171875,1405.199951171875,3056.89990234375
2019-03-01,1995.4000244140625,1392.3499755859375,3077.25
2019-03-05,1988.0999755859375,1403.8499755859375,3068.85009765625
2019-03-06,1999.5999755859375,1393.699951171875,3026.85009765625
2019-03-07,2013.300048828125,1395.449951171875,3043.85009765625
2019-03-08,2022.699951171875,1382.3499755859375,3071.199951171875
2019-03-11,2014.800048828125,1419.800048828125,3133.449951171875
2019-03-12,2012.449951171875,1428.0999755859375,3135.14990234375
2019-03-13,2000.5,1428.300048828125,3126.949951171875
2019-03-14,1987.4000244140625,1434.75,3149.39990234375
2019-03-15,2039.949951171875,1432.550048828125,3066.550048828125
2019-03-18,2022.800048828125,1445.5999755859375,3123.35009765625
2019-03-19,2022.800048828125,1453.9000244140625,3125.39990234375
2019-03-20,2015.050048828125,1456.1500244140625,3088.10009765625
2019-03-22,2005.6500244140625,1471.25,3098.60009765625
2019-03-25,1984.25,1457.550048828125,3090.75
2019-03-26,1982.6500244140625,1485.050048828125,3099.14990234375
2019-03-27,1967.9000244140625,1472.050048828125,3096.89990234375
2019-03-28,2000.300048828125,1497.0,3096.550048828125
2019-04-01,2031.6500244140625,1492.75,3049.85009765625
2019-04-02,2079.300048828125,1519.300048828125,2994.199951171875
2019-04-03,2079.300048828125,1497.5999755859375,2990.10009765625
2019-04-04,2014.5,1519.0,3041.800048828125
2019-04-05,2048.300048828125,1514.449951171875,2994.050048828125
2019-04-08,2070.75,1496.3499755859375,2971.5
2019-04-09,2091.5,1444.8499755859375,2962.89990234375
2019-04-10,2040.25,1409.8499755859375,2958.800048828125
2019-04-11,2019.5,1423.1500244140625,2946.050048828125
2019-04-12,2014.5,1438.6500244140625,2984.300048828125
2019-04-15,2113.300048828125,1431.550048828125,2998.449951171875
2019-04-16,2131.800048828125,1459.0,3020.5
2019-04-18,2150.050048828125,1469.5999755859375,2997.75
2019-04-22,2161.449951171875,1443.3499755859375,3000.14990234375
2019-04-23,2155.050048828125,1431.0,2991.0
2019-04-24,2183.449951171875,1450.050048828125,2978.199951171875
2019-04-25,2195.0,1447.949951171875,2969.25
2019-04-26,2238.550048828125,1448.75,2967.699951171875
2019-04-30,2260.35009765625,1463.1500244140625,2896.050048828125
2019-05-02,2215.39990234375,1436.5999755859375,2783.050048828125
2019-05-03,2132.0,1438.550048828125,2696.14990234375
2019-05-06,2157.85009765625,1412.800048828125,2666.0
2019-05-07,2151.949951171875,1387.800048828125,2650.550048828125
2019-05-08,2152.85009765625,1385.699951171875,2649.5
2019-05-09,2172.550048828125,1354.199951171875,2672.39990234375
2019-05-10,2135.800048828125,1341.050048828125,2688.550048828125
2019-05-13,2128.75,1332.5,2676.550048828125
2019-05-14,2092.35009765625,1320.25,2697.60009765625
2019-05-15,2095.39990234375,1305.949951171875,2687.75
2019-05-16,2108.75,1304.4000244140625,2716.199951171875
2019-05-17,2095.449951171875,1320.0,2779.25
2019-05-20,2143.949951171875,1373.949951171875,2801.199951171875
2019-05-21,2109.75,1357.75,2848.699951171875
2019-05-22,2081.75,1368.449951171875,2852.64990234375
2019-05-23,2054.050048828125,1367.75,2838.699951171875
2019-05-24,2048.0,1384.5,2851.050048828125
2019-05-27,2055.14990234375,1366.8499755859375,2896.550048828125
2019-05-28,2073.75,1364.3499755859375,2887.0
2019-05-29,2107.550048828125,1358.25,2917.0
2019-05-30,2146.300048828125,1374.5999755859375,2887.14990234375
2019-05-31,2196.550048828125,1407.300048828125,2921.949951171875
2019-06-03,2242.300048828125,1459.25,2970.199951171875
2019-06-04,2183.10009765625,1421.5,2963.10009765625
2019-06-06,2166.10009765625,1428.550048828125,2901.35009765625
2019-06-07,2181.75,1418.3499755859375,2899.300048828125
2019-06-10,2231.5,1422.5999755859375,2994.300048828125
2019-06-11,2252.800048828125,1425.5,2980.300048828125
2019-06-12,2260.89990234375,1425.449951171875,2996.89990234375
2019-06-13,2254.10009765625,1429.449951171875,2984.550048828125
2019-06-14,2254.5,1412.75,2964.10009765625
2019-06-17,2249.199951171875,1401.949951171875,2899.199951171875
2019-06-18,2250.85009765625,1380.050048828125,2867.25
2019-06-19,2259.89990234375,1381.1500244140625,2875.699951171875
2019-06-20,2277.949951171875,1392.050048828125,2834.050048828125
2019-06-21,2249.85009765625,1383.0,2826.699951171875
2019-06-24,2275.5,1376.1500244140625,2780.5
2019-06-25,2267.800048828125,1363.0999755859375,2807.699951171875
2019-06-26,2254.199951171875,1359.949951171875,2732.89990234375
2019-06-27,2252.550048828125,1361.4000244140625,2725.89990234375
2019-06-28,2227.199951171875,1358.1500244140625,2743.699951171875
2019-07-01,2239.550048828125,1353.8499755859375,2737.550048828125
2019-07-02,2252.10009765625,1345.75,2769.25
2019-07-03,2237.64990234375,1352.0,2794.699951171875
2019-07-04,2242.64990234375,1359.699951171875,2841.35009765625
2019-07-05,2163.10009765625,1358.699951171875,2824.85009765625
2019-07-08,2175.39990234375,1340.25,2781.14990234375
2019-07-09,2133.35009765625,1321.0,2762.64990234375
2019-07-10,2108.199951171875,1322.949951171875,2769.550048828125
2019-07-11,2102.550048828125,1332.449951171875,2765.14990234375
2019-07-12,2107.60009765625,1361.949951171875,2780.60009765625
2019-07-15,2145.699951171875,1353.1500244140625,2773.60009765625
2019-07-16,2106.0,1372.300048828125,2747.14990234375
2019-07-17,2117.25,1395.9000244140625,2797.800048828125
2019-07-18,2065.949951171875,1384.949951171875,2820.85009765625
2019-07-19,2076.949951171875,1369.0999755859375,2749.14990234375
2019-07-22,2109.89990234375,1404.199951171875,2734.5
2019-07-23,2112.449951171875,1429.3499755859375,2730.199951171875
2019-07-24,2096.800048828125,1483.4000244140625,2641.449951171875
2019-07-25,2127.89990234375,1495.8499755859375,2671.550048828125
2019-07-26,2109.050048828125,1526.449951171875,2668.449951171875
2019-07-29,2130.0,1513.25,2672.300048828125
2019-07-30,2179.14990234375,1508.75,2617.050048828125
2019-07-31,2205.699951171875,1521.0999755859375,2605.0
2019-08-01,2180.050048828125,1504.699951171875,2600.89990234375
2019-08-02,2205.300048828125,1545.199951171875,2594.39990234375
2019-08-05,2248.60009765625,1525.4000244140625,2578.35009765625
2019-08-06,2214.89990234375,1565.8499755859375,2550.550048828125
2019-08-07,2213.449951171875,1559.199951171875,2540.550048828125
2019-08-08,2258.10009765625,1565.9000244140625,2577.60009765625
2019-08-09,2246.25,1575.5,2588.14990234375
2019-08-13,2199.449951171875,1573.3499755859375,2511.89990234375
2019-08-14,2204.39990234375,1569.699951171875,2478.89990234375
2019-08-16,2165.10009765625,1597.449951171875,2499.449951171875
2019-08-19,2163.0,1586.449951171875,2478.39990234375
2019-08-20,2186.75,1595.1500244140625,2393.5
2019-08-21,2186.199951171875,1589.1500244140625,2384.5
2019-08-22,2216.0,1570.199951171875,2440.75
2019-08-23,2247.699951171875,1580.4000244140625,2466.64990234375
2019-08-26,2276.300048828125,1597.550048828125,2533.85009765625
2019-08-27,2236.5,1599.449951171875,2685.89990234375
2019-08-28,2239.25,1603.1500244140625,2703.10009765625
2019-08-29,2233.449951171875,1615.25,2676.85009765625
2019-08-30,2259.60009765625,1616.199951171875,2701.64990234375
2019-09-03,2251.60009765625,1576.75,2707.85009765625
2019-09-04,2245.39990234375,1535.1500244140625,2635.449951171875
2019-09-05,2215.300048828125,1519.75,2678.64990234375
2019-09-06,2197.5,1532.4000244140625,2668.0
2019-09-09,2182.85009765625,1540.5999755859375,2682.699951171875
2019-09-11,2154.0,1561.449951171875,2666.39990234375
2019-09-12,2133.60009765625,1540.300048828125,2677.0
2019-09-13,2141.949951171875,1548.199951171875,2674.60009765625
2019-09-16,2150.0,1521.300048828125,2715.050048828125
2019-09-17,2122.64990234375,1530.9000244140625,2692.449951171875
2019-09-18,2138.550048828125,1547.75,2613.85009765625
2019-09-19,2101.949951171875,1553.9000244140625,2621.800048828125
2019-09-20,2065.449951171875,1671.0,2867.0
2019-09-23,2015.800048828125,1802.75,3053.64990234375
2019-09-24,2044.699951171875,1765.9000244140625,3080.199951171875
2019-09-25,2088.449951171875,1751.800048828125,3036.0
2019-09-26,2087.60009765625,1770.949951171875,3092.800048828125
2019-09-27,2056.14990234375,1776.300048828125,3015.10009765625
2019-09-30,2099.300048828125,1762.1500244140625,2944.14990234375
2019-10-01,2059.949951171875,1766.0999755859375,2919.550048828125
2019-10-03,2060.25,1748.949951171875,2902.949951171875
2019-10-04,2079.35009765625,1724.4000244140625,2845.14990234375
2019-10-07,2047.699951171875,1725.1500244140625,2953.35009765625
2019-10-09,2020.0999755859375,1773.449951171875,3058.5
2019-10-10,2004.449951171875,1778.5999755859375,3037.75
2019-10-11,1986.8499755859375,1790.25,3081.949951171875
2019-10-14,2021.0,1798.699951171875,3109.64990234375
2019-10-15,2037.300048828125,1803.0999755859375,3181.10009765625
2019-10-16,2046.4000244140625,1765.699951171875,3176.75
2019-10-17,2030.949951171875,1812.300048828125,3247.85009765625
2019-10-18,2057.35009765625,1816.75,3252.35009765625
2019-10-22,2051.39990234375,1780.199951171875,3248.050048828125
2019-10-23,2070.10009765625,1767.4000244140625,3294.699951171875
2019-10-24,2082.0,1790.5,3283.800048828125
2019-10-25,2124.949951171875,1796.300048828125,3267.10009765625
2019-10-27,2115.699951171875,1792.5999755859375,3259.10009765625
2019-10-29,2194.85009765625,1814.25,3352.5
2019-10-30,2252.800048828125,1821.300048828125,3290.10009765625
2019-10-31,2269.64990234375,1809.5999755859375,3266.60009765625
2019-11-01,2200.89990234375,1766.3499755859375,3268.550048828125
2019-11-04,2193.949951171875,1785.9000244140625,3239.85009765625
2019-11-05,2201.85009765625,1793.8499755859375,3231.75
2019-11-06,2188.5,1797.5999755859375,3227.85009765625
2019-11-07,2185.35009765625,1826.949951171875,3223.800048828125
2019-11-08,2129.949951171875,1794.8499755859375,3158.0
2019-11-11,2100.949951171875,1773.949951171875,3119.550048828125
2019-11-13,2178.60009765625,1770.449951171875,3269.75
2019-11-14,2196.800048828125,1771.8499755859375,3230.800048828125
2019-11-15,2174.449951171875,1760.699951171875,3195.550048828125
2019-11-18,2152.60009765625,1739.0,3140.89990234375
2019-11-19,2108.800048828125,1721.3499755859375,3120.35009765625
2019-11-20,2108.550048828125,1723.5,3116.300048828125
2019-11-21,2118.10009765625,1720.3499755859375,3072.64990234375
2019-11-22,2071.699951171875,1682.75,3022.64990234375
2019-11-25,2081.5,1710.699951171875,3040.60009765625
2019-11-26,2046.6500244140625,1710.300048828125,3055.25
2019-11-27,2054.300048828125,1715.3499755859375,3091.10009765625
2019-11-28,2077.35009765625,1714.5999755859375,3098.25
2019-11-29,2053.25,1706.1500244140625,3057.699951171875
2019-12-02,2021.050048828125,1738.25,3069.699951171875
2019-12-03,2051.0,1736.449951171875,3048.300048828125
2019-12-04,2078.5,1720.300048828125,3049.25
2019-12-05,2121.300048828125,1715.8499755859375,3082.89990234375
2019-12-06,2123.60009765625,1716.6500244140625,3069.60009765625
2019-12-09,2060.449951171875,1726.3499755859375,3058.39990234375
2019-12-10,2012.8499755859375,1713.1500244140625,3059.35009765625
2019-12-11,2041.9000244140625,1738.199951171875,3041.0
2019-12-12,2020.9000244140625,1750.6500244140625,3073.550048828125
2019-12-13,2071.25,1743.949951171875,3054.39990234375
2019-12-16,2126.75,1731.449951171875,3050.89990234375
2019-12-17,2164.949951171875,1745.4000244140625,3071.949951171875
2019-12-18,2167.75,1778.449951171875,3099.199951171875
2019-12-19,2229.050048828125,1803.0999755859375,3112.75
2019-12-20,2222.89990234375,1799.25,3122.25
2019-12-23,2231.699951171875,1807.550048828125,3091.800048828125
2019-12-24,2215.60009765625,1803.449951171875,3091.050048828125
2019-12-26,2201.949951171875,1809.5999755859375,3062.300048828125
2019-12-27,2198.5,1812.25,3042.10009765625
2019-12-30,2183.199951171875,1802.300048828125,3047.35009765625
2019-12-31,2161.699951171875,1784.949951171875,3027.800048828125
2020-01-01,2167.60009765625,1793.199951171875,3039.64990234375
2020-01-02,2157.64990234375,1790.6500244140625,3053.39990234375
2020-01-03,2200.64990234375,1751.4000244140625,3038.800048828125
2020-01-06,2200.449951171875,1707.1500244140625,3022.050048828125
2020-01-07,2205.85009765625,1724.4000244140625,3036.60009765625
2020-01-08,2255.25,1728.800048828125,3023.60009765625
2020-01-09,2214.35009765625,1772.550048828125,3001.10009765625
2020-01-10,2213.550048828125,1792.550048828125,2989.75
2020-01-13,2190.35009765625,1804.9000244140625,3045.10009765625
2020-01-14,2206.89990234375,1819.1500244140625,3105.14990234375
2020-01-15,2226.89990234375,1842.25,3114.199951171875
2020-01-16,2238.800048828125,1835.1500244140625,3150.25
2020-01-17,2219.10009765625,1830.050048828125,3124.449951171875
2020-01-20,2170.35009765625,1848.75,3110.449951171875
2020-01-21,2171.050048828125,1810.75,3111.25
2020-01-22,2206.89990234375,1779.25,3106.35009765625
2020-01-23,2190.949951171875,1776.0999755859375,3112.949951171875
2020-01-24,2183.39990234375,1786.800048828125,3192.5
2020-01-27,2169.25,1788.3499755859375,3174.199951171875
2020-01-28,2183.75,1779.0999755859375,3181.25
2020-01-29,2154.60009765625,1796.949951171875,3214.199951171875
2020-01-30,2137.85009765625,1805.0,3210.699951171875
2020-01-31,2079.050048828125,1795.6500244140625,3200.699951171875
2020-02-03,2102.5,1867.6500244140625,3230.050048828125
2020-02-04,2107.75,1891.300048828125,3232.5
2020-02-05,2146.550048828125,1873.5,3255.949951171875
2020-02-06,2128.35009765625,1856.800048828125,3252.199951171875
2020-02-07,2136.550048828125,1858.699951171875,3251.39990234375
2020-02-10,2161.949951171875,1869.5,3155.60009765625
2020-02-11,2153.39990234375,1878.0999755859375,3134.699951171875
2020-02-12,2170.75,1893.699951171875,3136.800048828125
2020-02-13,2191.949951171875,1874.050048828125,3135.199951171875
2020-02-14,2184.199951171875,1877.050048828125,3096.64990234375
2020-02-17,2203.25,1881.4000244140625,3084.10009765625
2020-02-18,2215.75,1863.6500244140625,3066.449951171875
2020-02-19,2196.35009765625,1884.9000244140625,3082.25
2020-02-20,2156.800048828125,1842.25,3059.39990234375
2020-02-24,2115.35009765625,1818.949951171875,3036.199951171875
2020-02-25,2156.14990234375,1826.0999755859375,3033.550048828125
2020-02-26,2123.60009765625,1826.6500244140625,3041.35009765625
2020-02-27,2105.5,1843.800048828125,3026.050048828125
2020-02-28,2000.1500244140625,1797.949951171875,2970.199951171875
2020-03-02,2001.300048828125,1786.800048828125,2949.10009765625
2020-03-03,2036.199951171875,1800.550048828125,3026.5
2020-03-04,2083.199951171875,1847.949951171875,3063.050048828125
2020-03-05,2125.050048828125,1874.449951171875,3127.14990234375
2020-03-06,2116.449951171875,1877.449951171875,3081.39990234375
2020-03-09,1972.3499755859375,1867.1500244140625,2996.5
2020-03-11,1953.699951171875,1882.8499755859375,3048.300048828125
2020-03-12,1769.8499755859375,1843.3499755859375,2810.64990234375
2020-03-13,1806.300048828125,1797.699951171875,2763.60009765625
2020-03-16,1696.4000244140625,1683.4000244140625,2709.0
2020-03-17,1658.0,1731.5999755859375,2686.0
2020-03-18,1654.4000244140625,1618.199951171875,2501.949951171875
2020-03-19,1636.3499755859375,1601.199951171875,2318.14990234375
2020-03-20,1797.449951171875,1742.949951171875,2467.800048828125
2020-03-23,1669.699951171875,1498.449951171875,2137.85009765625
2020-03-24,1703.1500244140625,1524.8499755859375,2364.699951171875
2020-03-25,1750.300048828125,1593.1500244140625,2451.39990234375
2020-03-26,1790.949951171875,1616.949951171875,2588.449951171875
2020-03-27,1824.5,1604.1500244140625,2529.25
2020-03-30,1778.5,1594.949951171875,2473.75
2020-03-31,1826.0999755859375,1666.5,2688.949951171875
2020-04-01,1708.75,1603.199951171875,2564.85009765625
2020-04-03,1654.199951171875,1520.9000244140625,2563.25
2020-04-07,1775.199951171875,1623.800048828125,2834.5
2020-04-08,1705.449951171875,1608.949951171875,2775.550048828125
2020-04-09,1766.1500244140625,1651.3499755859375,2801.699951171875
2020-04-13,1759.25,1680.8499755859375,2706.14990234375
2020-04-15,1735.1500244140625,1718.199951171875,2837.35009765625
2020-04-16,1716.050048828125,1743.0999755859375,2836.800048828125
2020-04-17,1806.199951171875,1756.25,2832.14990234375
2020-04-20,1818.6500244140625,1730.449951171875,2833.0
2020-04-21,1737.6500244140625,1726.0,2863.25
2020-04-22,1769.5,1813.0,2952.64990234375
2020-04-23,1878.25,1821.6500244140625,2947.39990234375
2020-04-24,1818.550048828125,1827.550048828125,3062.14990234375
2020-04-27,1836.5999755859375,1851.3499755859375,3242.050048828125
2020-04-28,1859.050048828125,1824.4000244140625,3193.949951171875
2020-04-29,1905.6500244140625,1767.5,3156.800048828125
2020-04-30,2014.449951171875,1758.699951171875,3165.75
2020-05-04,1930.449951171875,1676.800048828125,3092.949951171875
2020-05-05,1932.75,1619.1500244140625,2978.75
2020-05-06,1903.5999755859375,1610.6500244140625,2987.699951171875
2020-05-07,1891.6500244140625,1594.300048828125,2915.35009765625
2020-05-08,1893.4000244140625,1578.4000244140625,2994.64990234375
2020-05-11,1935.300048828125,1569.5999755859375,3053.949951171875
2020-05-12,1949.5,1523.3499755859375,3107.300048828125
2020-05-13,1949.6500244140625,1563.300048828125,3079.550048828125
2020-05-14,1902.3499755859375,1522.4000244140625,3118.699951171875
2020-05-15,1892.9000244140625,1552.949951171875,3125.64990234375
2020-05-18,1945.5999755859375,1501.0999755859375,3109.550048828125
2020-05-19,1948.6500244140625,1503.949951171875,3104.0
2020-05-20,1953.5999755859375,1500.050048828125,3127.85009765625
2020-05-21,1991.199951171875,1574.300048828125,3110.949951171875
2020-05-22,2020.3499755859375,1617.9000244140625,3167.10009765625
2020-05-26,1943.0,1629.8499755859375,3163.85009765625
2020-05-27,2005.300048828125,1619.449951171875,3220.300048828125
2020-05-28,2004.300048828125,1643.5999755859375,3323.25
2020-05-29,1972.3499755859375,1683.0999755859375,3378.85009765625
2020-06-01,2045.25,1693.25,3434.85009765625
2020-06-02,2047.1500244140625,1709.300048828125,3451.0
2020-06-03,2046.1500244140625,1716.550048828125,3510.300048828125
2020-06-04,2091.550048828125,1633.75,3450.35009765625
2020-06-05,2048.25,1638.550048828125,3466.699951171875
2020-06-08,2071.75,1634.25,3426.800048828125
2020-06-09,2072.050048828125,1642.050048828125,3415.699951171875
2020-06-10,2108.75,1635.949951171875,3377.0
2020-06-11,2067.64990234375,1610.5999755859375,3370.35009765625
2020-06-12,2039.5,1637.3499755859375,3366.050048828125
2020-06-15,2029.9000244140625,1618.199951171875,3357.199951171875
2020-06-16,2045.800048828125,1621.699951171875,3345.35009765625
2020-06-17,2047.800048828125,1595.4000244140625,3401.449951171875
2020-06-18,2038.0999755859375,1597.800048828125,3404.25
2020-06-19,2044.5999755859375,1622.5,3438.550048828125
2020-06-22,2027.949951171875,1652.1500244140625,3421.199951171875
2020-06-23,2035.300048828125,1683.9000244140625,3467.050048828125
2020-06-24,2042.199951171875,1747.25,3446.39990234375
2020-06-25,2016.0999755859375,1689.0,3450.39990234375
2020-06-26,2118.85009765625,1686.75,3456.39990234375
2020-06-29,2101.64990234375,1691.949951171875,3519.25
2020-06-30,2082.14990234375,1687.449951171875,3603.800048828125
2020-07-01,2092.050048828125,1688.0,3545.949951171875
2020-07-02,2157.14990234375,1686.449951171875,3535.10009765625
2020-07-03,2199.64990234375,1695.6500244140625,3538.35009765625
2020-07-06,2263.199951171875,1708.8499755859375,3624.449951171875
2020-07-07,2269.89990234375,1745.75,3678.449951171875
2020-07-08,2218.89990234375,1686.25,3685.0
2020-07-09,2204.35009765625,1717.25,3673.60009765625
2020-07-10,2222.35009765625,1703.5,3726.64990234375
2020-07-13,2220.0,1705.6500244140625,3796.800048828125
2020-07-14,2171.949951171875,1688.4000244140625,3735.25
2020-07-15,2233.89990234375,1671.6500244140625,3723.25
2020-07-16,2234.75,1693.199951171875,3854.75
2020-07-17,2200.75,1717.9000244140625,3785.0
2020-07-20,2207.89990234375,1751.5999755859375,3982.64990234375
2020-07-21,2225.050048828125,1724.25,3880.39990234375
2020-07-22,2190.949951171875,1695.75,3805.050048828125
2020-07-23,2171.199951171875,1727.800048828125,3827.60009765625
2020-07-24,2157.39990234375,1712.050048828125,3818.449951171875
2020-07-27,2206.800048828125,1778.1500244140625,3777.35009765625
2020-07-28,2309.75,1759.6500244140625,3774.75
2020-07-29,2276.050048828125,1740.1500244140625,3794.699951171875
2020-07-30,2279.5,1743.3499755859375,3805.949951171875
2020-07-31,2281.39990234375,1715.5,3823.60009765625
2020-08-03,2254.14990234375,1705.5,3776.199951171875
2020-08-04,2249.699951171875,1713.949951171875,3817.60009765625
2020-08-05,2259.5,1716.300048828125,3849.949951171875
2020-08-06,2308.10009765625,1727.550048828125,3857.64990234375
2020-08-07,2295.35009765625,1806.25,3934.800048828125
2020-08-10,2282.800048828125,1782.3499755859375,3942.800048828125
2020-08-11,2279.89990234375,1789.550048828125,3879.550048828125
2020-08-12,2257.35009765625,1797.25,3809.75
2020-08-13,2254.449951171875,1802.550048828125,3808.25
2020-08-14,2242.14990234375,1802.550048828125,3801.35009765625
2020-08-17,2253.39990234375,1836.699951171875,3868.64990234375
2020-08-18,2269.75,1874.0999755859375,3914.300048828125
2020-08-19,2256.60009765625,1885.699951171875,3875.39990234375
2020-08-20,2252.85009765625,1874.9000244140625,3868.10009765625
2020-08-21,2248.60009765625,1958.0,3882.75
2020-08-24,2248.10009765625,1962.1500244140625,3908.35009765625
2020-08-25,2242.64990234375,2000.5999755859375,3896.85009765625
2020-08-26,2253.5,1971.4000244140625,3829.25
2020-08-27,2248.39990234375,1982.5,3816.60009765625
2020-08-28,2238.550048828125,1958.0999755859375,3793.85009765625
2020-08-31,2257.25,1899.0999755859375,3726.050048828125
2020-09-01,2246.35009765625,1979.300048828125,3771.0
2020-09-02,2265.14990234375,1943.949951171875,3799.199951171875
2020-09-03,2299.5,1978.0,3746.85009765625
2020-09-04,2288.800048828125,1956.3499755859375,3705.85009765625
2020-09-07,2327.050048828125,1982.0999755859375,3724.050048828125
2020-09-08,2348.199951171875,1960.3499755859375,3731.60009765625
2020-09-09,2327.64990234375,1979.050048828125,3738.300048828125
2020-09-10,2331.14990234375,2056.550048828125,3719.25
2020-09-11,2374.10009765625,2035.949951171875,3772.25
2020-09-14,2491.39990234375,2031.199951171875,3719.5
2020-09-15,2491.39990234375,2017.550048828125,3734.10009765625
2020-09-16,2503.0,2012.0999755859375,3844.5
2020-09-17,2460.949951171875,2007.949951171875,3815.64990234375
2020-09-18,2449.89990234375,2028.4000244140625,3797.5
2020-09-21,2465.300048828125,1972.550048828125,3629.300048828125
2020-09-22,2522.949951171875,1937.5,3588.0
2020-09-23,2467.449951171875,1946.550048828125,3624.89990234375
2020-09-24,2332.25,1918.3499755859375,3612.75
2020-09-25,2422.300048828125,1925.5999755859375,3686.39990234375
2020-09-28,2426.300048828125,1945.5999755859375,3737.35009765625
2020-09-29,2488.39990234375,1959.949951171875,3736.85009765625
2020-09-30,2492.300048828125,1986.4000244140625,3798.14990234375
2020-10-01,2523.449951171875,2040.449951171875,3808.60009765625
2020-10-05,2705.800048828125,2028.0,3830.449951171875
2020-10-06,2714.300048828125,2090.0,3765.85009765625
2020-10-07,2735.949951171875,2105.0,3785.949951171875
2020-10-08,2825.699951171875,2088.64990234375,3794.699951171875
2020-10-09,2812.949951171875,2050.60009765625,3745.10009765625
2020-10-12,2830.0,2077.85009765625,3731.5
2020-10-13,2826.550048828125,2064.64990234375,3745.64990234375
2020-10-14,2809.60009765625,2071.35009765625,3789.800048828125
2020-10-15,2740.60009765625,2090.449951171875,3731.0
2020-10-16,2763.300048828125,2061.199951171875,3747.199951171875
2020-10-19,2711.550048828125,2070.10009765625,3772.449951171875
2020-10-20,2739.0,2118.5,3553.14990234375
2020-10-21,2675.39990234375,2114.300048828125,3397.25
2020-10-22,2671.14990234375,2099.89990234375,3458.35009765625
2020-10-23,2686.800048828125,2120.25,3469.75
2020-10-26,2688.199951171875,2080.449951171875,3485.39990234375
2020-10-27,2630.14990234375,2197.800048828125,3572.25
2020-10-28,2622.199951171875,2159.550048828125,3541.699951171875
2020-10-29,2632.64990234375,2225.449951171875,3532.64990234375
2020-10-30,2664.85009765625,2211.5,3473.25
2020-11-02,2604.60009765625,2172.85009765625,3420.300048828125
2020-11-03,2633.60009765625,2154.64990234375,3403.64990234375
2020-11-04,2653.14990234375,2169.449951171875,3470.699951171875
2020-11-05,2685.699951171875,2238.300048828125,3499.25
2020-11-06,2707.449951171875,2209.050048828125,3513.550048828125
2020-11-09,2726.60009765625,2225.199951171875,3548.300048828125
2020-11-10,2649.60009765625,2199.75,3508.35009765625
2020-11-11,2687.800048828125,2181.699951171875,3492.75
2020-11-12,2671.050048828125,2171.800048828125,3515.300048828125
2020-11-13,2656.85009765625,2179.949951171875,3514.449951171875
2020-11-14,2670.35009765625,2184.60009765625,3527.35009765625
2020-11-17,2666.050048828125,2187.64990234375,3509.800048828125
2020-11-18,2626.64990234375,2195.75,3500.35009765625
2020-11-19,2636.89990234375,2161.699951171875,3511.35009765625
2020-11-20,2660.25,2166.550048828125,3552.10009765625
2020-11-23,2724.25,2186.25,3557.39990234375
2020-11-24,2722.050048828125,2207.89990234375,3562.25
2020-11-25,2701.300048828125,2154.300048828125,3555.800048828125
2020-11-26,2720.60009765625,2155.300048828125,3548.75
2020-11-27,2679.64990234375,2215.300048828125,3637.949951171875
2020-12-01,2726.800048828125,2230.050048828125,3629.35009765625
2020-12-02,2749.550048828125,2315.85009765625,3597.0
2020-12-03,2709.449951171875,2411.39990234375,3635.949951171875
2020-12-04,2727.550048828125,2438.75,3648.199951171875
2020-12-07,2737.699951171875,2472.550048828125,3628.949951171875
2020-12-08,2797.300048828125,2438.89990234375,3645.39990234375
2020-12-09,2810.800048828125,2522.300048828125,3627.10009765625
2020-12-10,2784.300048828125,2526.050048828125,3739.75
2020-12-11,2783.60009765625,2520.949951171875,3732.75
2020-12-14,2797.699951171875,2548.14990234375,3776.949951171875
2020-12-15,2761.550048828125,2527.449951171875,3765.550048828125
2020-12-16,2814.199951171875,2582.449951171875,3752.60009765625
2020-12-17,2838.199951171875,2575.050048828125,3729.75
2020-12-18,2861.0,2601.5,3720.5
2020-12-21,2820.14990234375,2554.64990234375,3624.050048828125
2020-12-22,2872.5,2600.800048828125,3630.39990234375
2020-12-23,2908.75,2642.550048828125,3625.35009765625
2020-12-24,2909.35009765625,2648.25,3618.25
2020-12-28,2929.39990234375,2683.89990234375,3603.550048828125
2020-12-29,2930.5,2696.800048828125,3593.300048828125
2020-12-30,2909.300048828125,2734.39990234375,3583.89990234375
2020-12-31,2862.75,2764.5,3576.35009765625
2021-01-01,2928.25,2775.550048828125,3567.800048828125
2021-01-04,3039.449951171875,2753.699951171875,3552.89990234375
2021-01-05,3093.0,2793.85009765625,3551.10009765625
2021-01-06,3051.5,2805.35009765625,3539.699951171875
2021-01-07,3032.800048828125,2792.25,3552.800048828125
2021-01-08,3120.89990234375,2844.699951171875,3575.25
2021-01-11,3176.449951171875,2849.300048828125,3612.85009765625
2021-01-12,3174.85009765625,2720.550048828125,3631.64990234375
2021-01-13,3158.949951171875,2703.699951171875,3621.14990234375
2021-01-14,3250.699951171875,2663.89990234375,3665.449951171875
2021-01-15,3233.35009765625,2590.89990234375,3609.050048828125
2021-01-18,3221.75,2588.199951171875,3607.85009765625
2021-01-19,3260.699951171875,2645.050048828125,3601.25
2021-01-20,3308.800048828125,2697.25,3592.300048828125
2021-01-21,3273.85009765625,2716.35009765625,3630.800048828125
2021-01-22,3303.10009765625,2596.64990234375,3608.0
2021-01-25,3291.300048828125,2513.949951171875,3613.550048828125
2021-01-27,3261.050048828125,2436.60009765625,3610.75
2021-01-28,3196.550048828125,2441.699951171875,3603.75
2021-01-29,3111.35009765625,2407.35009765625,3501.10009765625
2021-02-01,3139.35009765625,2447.800048828125,3520.75
2021-02-02,3203.449951171875,2463.64990234375,3501.25
2021-02-03,3200.050048828125,2453.64990234375,3516.5
2021-02-04,3188.449951171875,2401.800048828125,3580.0
2021-02-05,3157.949951171875,2376.75,3541.64990234375
2021-02-08,3214.10009765625,2416.85009765625,3473.699951171875
2021-02-09,3176.89990234375,2506.85009765625,3462.39990234375
2021-02-10,3213.300048828125,2510.60009765625,3424.85009765625
2021-02-11,3206.0,2505.5,3462.75
2021-02-12,3190.800048828125,2486.10009765625,3421.25
2021-02-15,3139.85009765625,2456.75,3417.0
2021-02-16,3108.800048828125,2450.25,3389.449951171875
2021-02-17,3073.10009765625,2388.14990234375,3364.0
2021-02-18,3057.35009765625,2470.75,3359.449951171875
2021-02-19,3071.85009765625,2416.449951171875,3331.199951171875
2021-02-22,2958.449951171875,2387.050048828125,3341.199951171875
2021-02-23,2980.199951171875,2372.199951171875,3335.949951171875
2021-02-24,2948.10009765625,2361.35009765625,3405.550048828125
2021-02-25,2995.300048828125,2373.75,3405.0
2021-02-26,2894.300048828125,2277.199951171875,3363.75
2021-03-01,2924.199951171875,2362.300048828125,3411.800048828125
2021-03-02,3006.35009765625,2390.39990234375,3447.949951171875
2021-03-03,3059.10009765625,2402.10009765625,3481.14990234375
2021-03-04,3049.699951171875,2417.10009765625,3501.89990234375
2021-03-05,3008.050048828125,2387.10009765625,3491.75
2021-03-08,3006.949951171875,2382.699951171875,3463.199951171875
2021-03-09,3050.949951171875,2422.699951171875,3426.75
2021-03-10,3070.949951171875,2431.949951171875,3480.35009765625
2021-03-12,3057.949951171875,2401.35009765625,3434.25
2021-03-15,3066.14990234375,2355.0,3450.39990234375
2021-03-16,3110.050048828125,2468.60009765625,3489.10009765625
2021-03-17,3112.949951171875,2422.949951171875,3467.89990234375
2021-03-18,3036.5,2404.550048828125,3439.64990234375
2021-03-19,3050.199951171875,2411.25,3466.60009765625
2021-03-22,3129.64990234375,2425.699951171875,3564.39990234375
2021-03-23,3142.60009765625,2410.300048828125,3568.39990234375
2021-03-24,3121.10009765625,2443.550048828125,3537.75
2021-03-25,3064.85009765625,2402.199951171875,3443.85009765625
2021-03-26,3066.800048828125,2505.14990234375,3504.60009765625
2021-03-30,3158.550048828125,2578.050048828125,3616.0
2021-03-31,3177.85009765625,2537.39990234375,3625.050048828125
2021-04-01,3165.0,2551.75,3618.5
2021-04-05,3238.89990234375,2510.64990234375,3700.35009765625
2021-04-06,3264.699951171875,2611.60009765625,3730.60009765625
2021-04-07,3271.39990234375,2628.60009765625,3808.550048828125
2021-04-08,3317.35009765625,2650.64990234375,3816.75
2021-04-09,3322.25,2630.800048828125,3797.699951171875
2021-04-12,3246.550048828125,2602.199951171875,3812.75
2021-04-13,3104.050048828125,2570.699951171875,3746.0
2021-04-15,3218.949951171875,2587.699951171875,3692.699951171875
2021-04-16,3195.14990234375,2663.699951171875,3696.5
2021-04-19,3161.800048828125,2571.89990234375,3742.800048828125
2021-04-20,3144.550048828125,2553.64990234375,3729.89990234375
2021-04-22,3118.800048828125,2511.25,3752.0
2021-04-23,3109.5,2517.949951171875,3650.300048828125
2021-04-26,3100.800048828125,2557.89990234375,3539.199951171875
2021-04-27,3132.0,2574.35009765625,3541.199951171875
2021-04-28,3124.10009765625,2614.550048828125,3478.75
2021-04-29,3115.25,2613.449951171875,3468.89990234375
2021-04-30,3035.64990234375,2536.39990234375,3449.0
2021-05-03,3037.0,2582.14990234375,3439.25
2021-05-04,3049.75,2587.14990234375,3435.85009765625
2021-05-05,3095.699951171875,2567.64990234375,3451.60009765625
2021-05-06,3111.449951171875,2549.050048828125,3452.050048828125
2021-05-07,3132.89990234375,2551.64990234375,3461.25
2021-05-10,3145.5,2556.949951171875,3413.800048828125
2021-05-11,3122.60009765625,2556.25,3418.39990234375
2021-05-12,3087.60009765625,2556.199951171875,3439.550048828125
2021-05-14,3051.5,2774.5,3501.449951171875
2021-05-17,3069.75,2782.75,3507.25
2021-05-18,3088.800048828125,2821.800048828125,3525.449951171875
2021-05-19,3082.0,2815.85009765625,3534.39990234375
2021-05-20,3060.0,2794.10009765625,3422.550048828125
2021-05-21,3080.5,2832.5,3435.75
2021-05-24,3081.5,2819.199951171875,3379.10009765625
2021-05-25,3114.0,2914.39990234375,3439.5
2021-05-26,3158.5,2941.60009765625,3416.0
2021-05-27,3180.0,2949.35009765625,3414.64990234375
2021-05-28,3143.60009765625,2940.699951171875,3423.449951171875
2021-05-31,3159.14990234375,2977.5,3447.85009765625
2021-06-01,3153.0,2931.0,3446.75
2021-06-02,3129.449951171875,2903.699951171875,3475.25
2021-06-03,3141.25,2935.35009765625,3496.25
2021-06-04,3143.75,2924.89990234375,3489.300048828125
2021-06-07,3183.199951171875,2933.10009765625,3542.60009765625
2021-06-08,3200.14990234375,2926.25,3601.75
2021-06-09,3200.25,2943.550048828125,3574.699951171875
2021-06-10,3216.800048828125,2950.60009765625,3576.300048828125
2021-06-11,3273.800048828125,2956.25,3557.89990234375
2021-06-14,3276.35009765625,2949.89990234375,3591.25
2021-06-15,3262.75,3042.199951171875,3631.85009765625
2021-06-16,3274.35009765625,3018.699951171875,3639.449951171875
2021-06-17,3317.75,3060.300048828125,3658.14990234375
2021-06-18,3297.300048828125,3047.199951171875,3619.199951171875
2021-06-21,3273.10009765625,3068.550048828125,3648.85009765625
2021-06-22,3301.199951171875,3010.800048828125,3650.89990234375
2021-06-23,3261.39990234375,2987.35009765625,3659.300048828125
2021-06-24,3373.60009765625,3043.25,3689.10009765625
2021-06-25,3380.800048828125,3003.89990234375,3670.050048828125
2021-06-28,3336.75,2982.949951171875,3667.25
2021-06-29,3340.85009765625,3001.5,3657.14990234375
2021-06-30,3345.75,2992.699951171875,3649.64990234375
2021-07-01,3341.5,3021.60009765625,3595.800048828125
2021-07-02,3325.449951171875,3005.0,3545.300048828125
2021-07-05,3321.0,3014.800048828125,3523.550048828125
2021-07-06,3262.300048828125,3002.5,3519.0
2021-07-07,3274.949951171875,3040.10009765625,3521.35009765625
2021-07-08,3258.5,3028.300048828125,3491.39990234375
2021-07-09,3208.14990234375,3010.60009765625,3475.949951171875
2021-07-12,3193.10009765625,2999.39990234375,3470.39990234375
2021-07-13,3187.550048828125,2993.85009765625,3485.5
2021-07-14,3214.550048828125,3001.949951171875,3485.75
2021-07-15,3202.949951171875,2983.60009765625,3460.85009765625
2021-07-16,3194.800048828125,2989.300048828125,3441.0
2021-07-19,3184.60009765625,2981.949951171875,3450.14990234375
2021-07-20,3205.800048828125,3159.050048828125,3433.550048828125
2021-07-22,3216.35009765625,3106.75,3425.300048828125
2021-07-23,3212.85009765625,3083.75,3439.800048828125
2021-07-26,3197.550048828125,3061.199951171875,3482.0
2021-07-27,3182.949951171875,3028.64990234375,3450.75
2021-07-28,3197.800048828125,3004.10009765625,3424.10009765625
2021-07-29,3195.800048828125,2997.449951171875,3405.60009765625
2021-07-30,3167.449951171875,2958.449951171875,3423.39990234375
2021-08-02,3219.39990234375,2974.050048828125,3504.64990234375
2021-08-03,3284.89990234375,3027.0,3573.199951171875
2021-08-04,3273.949951171875,3018.60009765625,3578.300048828125
2021-08-05,3283.949951171875,2988.39990234375,3611.14990234375
2021-08-06,3309.800048828125,2966.449951171875,3604.0
2021-08-09,3322.699951171875,2992.550048828125,3636.10009765625
2021-08-10,3333.89990234375,2977.14990234375,3637.199951171875
2021-08-11,3344.199951171875,2972.60009765625,3625.5
2021-08-12,3351.75,2975.5,3620.800048828125
2021-08-13,3463.39990234375,2988.699951171875,3579.550048828125
2021-08-16,3472.949951171875,2971.39990234375,3655.300048828125
2021-08-17,3553.050048828125,3015.300048828125,3696.5
2021-08-18,3560.550048828125,3001.550048828125,3720.75
2021-08-20,3559.5,3112.949951171875,3895.949951171875
2021-08-23,3637.39990234375,3077.449951171875,3866.25
2021-08-24,3613.199951171875,3045.949951171875,3812.199951171875
2021-08-25,3659.0,3038.050048828125,3842.800048828125
2021-08-26,3671.85009765625,3039.64990234375,3930.89990234375
2021-08-27,3720.14990234375,3036.800048828125,3941.550048828125
2021-08-30,3701.300048828125,3108.75,3986.35009765625
2021-08-31,3786.449951171875,3201.35009765625,3997.5
2021-09-01,3714.949951171875,3302.75,4015.35009765625
2021-09-02,3836.75,3301.60009765625,4086.10009765625
2021-09-03,3842.050048828125,3338.800048828125,4124.2001953125
2021-09-06,3852.0,3315.550048828125,4079.050048828125
2021-09-07,3815.89990234375,3336.25,4095.449951171875
2021-09-08,3774.14990234375,3336.60009765625,4061.39990234375
2021-09-09,3791.39990234375,3346.35009765625,4070.800048828125
2021-09-13,3845.35009765625,3367.050048828125,4093.85009765625
2021-09-14,3885.89990234375,3362.5,4101.5
2021-09-15,3954.550048828125,3352.300048828125,4086.35009765625
2021-09-16,3903.300048828125,3342.10009765625,4073.050048828125
2021-09-17,3827.85009765625,3303.050048828125,4051.85009765625
2021-09-20,3823.5,3271.550048828125,4084.5
2021-09-21,3862.949951171875,3309.199951171875,4075.550048828125
2021-09-22,3862.14990234375,3317.5,4058.5
2021-09-23,3869.25,3320.64990234375,4042.35009765625
2021-09-24,3871.300048828125,3448.60009765625,4042.89990234375
2021-09-27,3836.949951171875,3430.64990234375,4009.60009765625
2021-09-28,3779.14990234375,3379.699951171875,4003.64990234375
2021-09-29,3791.89990234375,3323.050048828125,3972.75
2021-09-30,3775.550048828125,3244.64990234375,3948.949951171875
2021-10-01,3730.199951171875,3177.85009765625,3921.10009765625
2021-10-04,3773.300048828125,3201.60009765625,3892.89990234375
2021-10-05,3833.300048828125,3254.75,3882.199951171875
2021-10-06,3810.89990234375,3212.25,3938.60009765625
2021-10-07,3892.89990234375,3290.85009765625,3900.60009765625
2021-10-08,3935.64990234375,3306.89990234375,3883.300048828125
2021-10-11,3685.60009765625,3306.050048828125,3840.60009765625
2021-10-12,3652.85009765625,3323.25,3867.949951171875
2021-10-13,3655.199951171875,3323.5,3883.699951171875
2021-10-14,3611.449951171875,3297.800048828125,3894.85009765625
2021-10-18,3647.14990234375,3241.5,3837.35009765625
2021-10-19,3634.14990234375,3183.75,3795.89990234375
2021-10-20,3608.85009765625,3169.60009765625,3762.0
2021-10-21,3532.5,3002.0,3714.35009765625
2021-10-22,3498.85009765625,2982.39990234375,3690.0
2021-10-25,3492.949951171875,2918.050048828125,3631.050048828125
2021-10-26,3482.60009765625,2969.800048828125,3692.800048828125
2021-10-27,3489.75,3094.64990234375,3697.85009765625
2021-10-28,3421.64990234375,3116.300048828125,3681.89990234375
2021-10-29,3397.75,3100.10009765625,3675.75
2021-11-01,3476.39990234375,3121.800048828125,3678.14990234375
2021-11-02,3484.199951171875,3103.35009765625,3682.89990234375
2021-11-03,3492.25,3170.64990234375,3629.85009765625
2021-11-04,3508.64990234375,3159.25,3652.60009765625
2021-11-08,3502.75,3138.0,3717.699951171875
2021-11-09,3505.699951171875,3145.14990234375,3621.60009765625
2021-11-10,3484.300048828125,3108.300048828125,3698.5
2021-11-11,3488.199951171875,3063.5,3643.39990234375
2021-11-12,3526.050048828125,3122.89990234375,3687.949951171875
2021-11-15,3553.300048828125,3168.699951171875,3742.60009765625
2021-11-16,3556.39990234375,3151.699951171875,3690.75
2021-11-17,3521.89990234375,3230.25,3615.050048828125
2021-11-18,3475.699951171875,3226.85009765625,3571.60009765625
2021-11-22,3458.39990234375,3261.25,3581.60009765625
2021-11-23,3464.25,3185.550048828125,3662.14990234375
2021-11-24,3443.300048828125,3157.0,3623.35009765625
2021-11-25,3445.89990234375,3144.25,3573.39990234375
2021-11-26,3446.85009765625,3143.10009765625,3555.300048828125
2021-11-29,3502.0,3144.300048828125,3528.60009765625
2021-11-30,3529.14990234375,3143.64990234375,3545.5
2021-12-01,3577.800048828125,3138.14990234375,3535.25
2021-12-02,3642.89990234375,3180.60009765625,3578.5
2021-12-03,3640.449951171875,3110.449951171875,3553.75
2021-12-06,3536.39990234375,3038.300048828125,3496.199951171875
2021-12-07,3584.5,3030.35009765625,3474.199951171875
2021-12-08,3626.89990234375,3108.5,3575.75
2021-12-09,3601.75,3178.699951171875,3623.89990234375
2021-12-10,3636.800048828125,3283.14990234375,3632.449951171875
2021-12-13,3609.64990234375,3279.85009765625,3588.75
2021-12-14,3623.800048828125,3297.5,3579.64990234375
2021-12-15,3570.35009765625,3301.949951171875,3541.60009765625
2021-12-16,3581.60009765625,3298.60009765625,3560.60009765625
2021-12-17,3584.35009765625,3243.699951171875,3536.14990234375
2021-12-20,3556.89990234375,3239.449951171875,3471.89990234375
2021-12-21,3608.300048828125,3271.35009765625,3505.75
2021-12-22,3630.75,3280.10009765625,3497.0
2021-12-23,3662.699951171875,3267.89990234375,3554.60009765625
2021-12-24,3670.89990234375,3284.800048828125,3541.300048828125
2021-12-27,3696.10009765625,3272.39990234375,3513.199951171875
2021-12-28,3706.550048828125,3368.199951171875,3550.64990234375
2021-12-29,3694.699951171875,3367.449951171875,3559.60009765625
2021-12-30,3733.75,3365.699951171875,3573.89990234375
2021-12-31,3738.35009765625,3382.949951171875,3606.0
2022-01-03,3817.75,3422.39990234375,3617.550048828125
2022-01-04,3884.75,3459.300048828125,3638.449951171875
2022-01-05,3860.949951171875,3526.800048828125,3659.699951171875
2022-01-06,3807.449951171875,3514.64990234375,3675.10009765625
2022-01-07,3853.5,3576.300048828125,3737.35009765625
2022-01-10,3879.85009765625,3553.5,3768.300048828125
2022-01-11,3915.89990234375,3538.75,3743.35009765625
2022-01-12,3859.89990234375,3543.800048828125,3700.199951171875
2022-01-13,3897.89990234375,3456.25,3749.050048828125
2022-01-14,3968.14990234375,3364.39990234375,3712.050048828125
2022-01-17,4019.14990234375,3378.64990234375,3665.14990234375
2022-01-18,3990.60009765625,3373.699951171875,3621.89990234375
2022-01-19,3914.64990234375,3280.39990234375,3575.64990234375
2022-01-20,3826.550048828125,3306.39990234375,3605.14990234375
2022-01-21,3833.5,3274.85009765625,3618.300048828125
2022-01-24,3771.35009765625,3155.14990234375,3523.85009765625
2022-01-25,3769.89990234375,3147.10009765625,3539.300048828125
2022-01-27,3649.25,3116.949951171875,3494.14990234375
2022-01-28,3690.050048828125,3110.85009765625,3509.64990234375
2022-01-31,3736.25,3152.25,3535.300048828125
2022-02-01,3800.64990234375,3196.25,3656.60009765625
2022-02-02,3856.199951171875,3197.699951171875,3621.050048828125
2022-02-03,3824.60009765625,3203.0,3562.39990234375
2022-02-04,3814.89990234375,3236.64990234375,3562.0
2022-02-07,3779.0,3174.699951171875,3448.60009765625
2022-02-08,3743.449951171875,3216.35009765625,3473.449951171875
2022-02-09,3760.550048828125,3228.35009765625,3517.35009765625
2022-02-10,3770.35009765625,3238.75,3534.550048828125
2022-02-11,3694.949951171875,3216.300048828125,3480.550048828125
2022-02-14,3733.75,3143.449951171875,3398.0
2022-02-15,3817.800048828125,3264.60009765625,3477.89990234375
2022-02-16,3813.10009765625,3252.85009765625,3462.0
2022-02-17,3784.199951171875,3265.85009765625,3464.10009765625
2022-02-18,3793.89990234375,3258.449951171875,3481.64990234375
2022-02-21,3719.39990234375,3251.64990234375,3475.25
2022-02-22,3586.39990234375,3227.14990234375,3489.75
2022-02-23,3563.800048828125,3237.199951171875,3511.14990234375
2022-02-24,3401.64990234375,3069.050048828125,3446.0
2022-02-25,3520.75,3119.199951171875,3422.75
2022-02-28,3554.199951171875,3174.64990234375,3427.449951171875
2022-03-02,3546.14990234375,3028.949951171875,3391.75
2022-03-03,3544.39990234375,2871.89990234375,3366.39990234375
2022-03-04,3524.35009765625,2738.14990234375,3371.35009765625
2022-03-07,3484.89990234375,2708.449951171875,3153.449951171875
2022-03-08,3599.949951171875,2723.39990234375,3113.75
2022-03-09,3632.60009765625,2874.949951171875,3123.85009765625
2022-03-10,3620.949951171875,2912.800048828125,3222.949951171875
2022-03-11,3599.14990234375,2932.0,3199.89990234375
2022-03-14,3643.0,2962.800048828125,3185.85009765625
2022-03-15,3593.89990234375,2987.14990234375,3222.85009765625
2022-03-16,3655.89990234375,3042.0,3313.64990234375
2022-03-17,3672.75,3136.60009765625,3355.949951171875
2022-03-21,3626.699951171875,3045.75,3237.550048828125
2022-03-22,3700.949951171875,3051.14990234375,3158.39990234375
2022-03-23,3712.39990234375,3016.800048828125,3102.25
2022-03-24,3749.85009765625,3025.35009765625,3103.85009765625
2022-03-25,3707.449951171875,3046.949951171875,3094.5
2022-03-28,3707.699951171875,3027.449951171875,3094.800048828125
2022-03-29,3705.35009765625,3042.60009765625,3103.800048828125
2022-03-30,3731.550048828125,3081.550048828125,3148.39990234375
2022-03-31,3739.949951171875,3079.949951171875,3206.39990234375
2022-04-01,3758.75,3114.14990234375,3230.64990234375
2022-04-04,3770.35009765625,3118.0,3270.0
2022-04-05,3814.800048828125,3140.800048828125,3303.39990234375
2022-04-06,3755.35009765625,3154.0,3282.5
2022-04-07,3684.14990234375,3155.0,3294.10009765625
2022-04-08,3685.64990234375,3206.25,3347.89990234375
2022-04-11,3696.39990234375,3157.449951171875,3350.64990234375
2022-04-12,3691.10009765625,3128.64990234375,3344.10009765625
2022-04-13,3661.949951171875,3080.64990234375,3349.64990234375
2022-04-18,3528.050048828125,3021.550048828125,3343.89990234375
2022-04-19,3471.89990234375,2991.199951171875,3267.89990234375
2022-04-20,3556.800048828125,3083.0,3304.199951171875
2022-04-21,3628.64990234375,3158.25,3359.89990234375
2022-04-22,3612.550048828125,3164.39990234375,3364.10009765625
2022-04-25,3548.199951171875,3130.60009765625,3295.89990234375
2022-04-26,3546.300048828125,3125.64990234375,3372.699951171875
2022-04-27,3561.199951171875,3148.35009765625,3338.25
2022-04-28,3584.300048828125,3247.699951171875,3357.89990234375
2022-04-29,3546.699951171875,3237.199951171875,3279.25
2022-05-02,3542.39990234375,3200.0,3271.300048828125
2022-05-04,3479.75,3100.85009765625,3385.449951171875
2022-05-05,3513.39990234375,3076.550048828125,3277.0
2022-05-06,3432.60009765625,3016.25,3307.800048828125
2022-05-09,3445.10009765625,3005.25,3252.050048828125
2022-05-10,3438.75,3086.35009765625,3246.550048828125
2022-05-11,3412.0,3053.64990234375,3259.85009765625
2022-05-12,3408.64990234375,3039.949951171875,3216.85009765625
2022-05-13,3414.89990234375,3064.0,3278.5
2022-05-16,3376.800048828125,2999.89990234375,3284.89990234375
2022-05-17,3451.60009765625,3050.0,3368.85009765625
2022-05-18,3448.800048828125,3100.10009765625,3394.35009765625
2022-05-19,3261.949951171875,3046.89990234375,3332.050048828125
2022-05-20,3293.0,3109.949951171875,3450.25
2022-05-23,3321.75,3174.199951171875,3487.050048828125
2022-05-24,3288.0,3086.85009765625,3470.449951171875
2022-05-25,,,
